<?xml version="1.0" encoding="UTF-8"?>
<metadata xml:lang="en"><Esri><CreaDate>20190715</CreaDate><CreaTime>20545800</CreaTime><ArcGISFormat>1.0</ArcGISFormat><ArcGISstyle>FGDC CSDGM Metadata</ArcGISstyle><SyncOnce>TRUE</SyncOnce><DataProperties><lineage><Process ToolSource="c:\program files (x86)\arcgis\desktop10.6\ArcToolbox\Toolboxes\Data Management Tools.tbx\CreateRandomPoints" Date="20190715" Time="205458">CreateRandomPoints C:\Users\mgimond\Documents\tmp points Maine "0 0 250 250" 12 "0 Meters" POINT 0</Process><Process ToolSource="c:\program files (x86)\arcgis\desktop10.6\ArcToolbox\Toolboxes\Data Management Tools.tbx\CalculateField" Date="20190715" Time="210129">CalculateField points CID "randnum() * 100" PYTHON_9.3 "import random\ndef randnum():\n  return random.random()"</Process></lineage></DataProperties></Esri></metadata>
